[{
		"Extensions": "css",
		"MimeType": "text/css"
	},
	{
		"Extensions": "html;htm",
		"MimeType": "text/html"
	},
	{
		"Extensions": "js",
		"MimeType": "text/javascript"
	},
	{
		"Extensions": "jpeg;jpg",
		"MimeType": "image/jpeg"
	},
	{
		"Extensions": "png",
		"MimeType": "image/x-png"
	},
	{
		"Extensions": "ico",
		"MimeType": "image/x-icon"
	},
	{
		"Extensions": "gif",
		"MimeType": "image/gif"
	},
	{
		"Extensions": "xml",
		"MimeType": "text/xml"
	},
	{
		"Extensions": "svg",
		"MimeType": "image/svg+xml"
	},
	{
		"Extensions": "woff",
		"MimeType": "application/font-woff"
	},
	{
		"Extensions": "woff2",
		"MimeType": "application/font-woff2"
	},
	{
		"Extensions": "rtx",
		"MimeType": "text/richtext"
	},
	{
		"Extensions": "zip",
		"MimeType": "application/x-zip-compressed"
	},
	{
		"Extensions": "txt",
		"MimeType": "text/plain"
	},
	{
		"Extensions": "svg;svgz",
		"MimeType": "image/svg+xml"
	},
	{
		"Extensions": "apk",
		"MimeType": "application/vnd.android.package-archive"
	}
]